iter	Logloss
0	0.5813147111
1	0.4992962924
2	0.4220696883
3	0.3653701435
4	0.3261732275
5	0.2756753401
6	0.2517797297
7	0.2220696189
8	0.1970879988
9	0.1787843011
10	0.157252121
11	0.1432885603
12	0.1319853176
13	0.1201692061
14	0.1100788723
15	0.102653148
16	0.09507102966
17	0.08725987348
18	0.08110313416
19	0.07569084167
20	0.06992108605
21	0.06580051942
22	0.06249592954
23	0.05992986939
24	0.05707959262
25	0.05452860919
26	0.05189937245
27	0.04945396077
28	0.04662409262
29	0.04485862905
